Keyword,Avg. monthly searches,Competition,Top of page bid (low range),Top of page bid (high range)
website development,50000,Low,18.58,59.96
web development,50000,Low,18.58,59.96
website design,500000,Low,15.2,62.5
website design agency,5000,Low,22.03,90.84
design agency,5000,Low,14.04,61.52
website services,5000,Low,19.93,89.69
website creating,50000,Medium,12.67,88.08
website maker,50000,Medium,5.91,59.96
build a website,500,Medium,20.27,124.95
web design,500000,Low,15.2,62.5
build your own website,500,Medium,16.41,101.05
website designer near me,50000,Low,35.05,136.61
making a website,5000,Medium,15.57,96.8
create a website for my business,50,Medium,33.06,160.46
best website builders,5000,Medium,27.87,121.62
front end developer,50000,Low,11.23,53.86
web designers near me,50000,Low,35.05,136.61
website design company,5000,Low,28.74,113.75
web page design,5000,Low,10.52,63.8
web design company,5000,Low,28.74,113.75
create website for small business,50,Medium,19.89,97.12
start a website,50,Low,15.2,84.1
web design agency,5000,Low,22.03,90.84
creating a website for business,5000,Medium,34.48,158.78
website developers near me,5000,Low,38.05,152.47
design a website,500,Low,14.14,76.01
website development company,50000,Low,27.22,104.03
build my own website,500,Medium,13.51,111.9
website developers,50000,Low,20.09,79.16
web development company,50000,Low,27.22,104.03
web design services,5000,Low,27.77,100.45
best website creator,5000,Medium,27.87,121.62
build my website,50,High,36.95,133.44
create online store,500,Medium,28.7,103.04
portfolio websites,50000,Low,4.22,53.21
graphic design website,5000,Low,5.91,53.05
build a website for business,5000,Medium,34.48,158.78
website builders for small business,500,Medium,39.69,163.84
best portfolio websites,5000,Low,9.28,79.39
shopify website design,500,Medium,28.2,130.46
setting up a website,500,Low,23.65,107.26
professional website designer,500,Low,32.09,141.13
design your own website,50,Medium,14.36,124.99
create my website,500,Medium,20.66,129.89
best website maker,5000,Medium,27.87,121.62
build your website,500,Medium,19.16,92.06
site maker,500,Medium,13.51,96.28
wordpress website designer,500,Low,24.62,103.9
wordpress create website,5000,Low,17.36,114.01
web design near me,5000,Low,26.38,98.92
building a website from scratch,500,Medium,19.42,87.04
shopify web designer,500,Medium,57.64,249.22
create a website for your business,500,Medium,26.18,119.88
web creator,5000,Medium,13.96,79.81
website builders near me,5000,Low,38.05,152.47
website designers for small business,500,Medium,54.55,239.01
website design near me,5000,Low,33.35,138.4
web developers near me,50000,Low,35.05,136.61
website design cost,5000,Medium,16.08,66.91
create a portfolio,500,Low,2.53,28.97
best website creator for small business,50,High,40.16,115.7
shopify create website,5000,Medium,36,145.26
build a website for my business,50,Medium,33.06,160.46
site creator,50,Medium,20.27,83.97
get a website,50,Low,27.87,147.8
new website create,5000,Medium,29.56,158.75
best website design,5000,Low,9.29,80.23
website design services,5000,Low,26.13,100.91
local website designers,50,Low,50.25,374.42
create a web page,5000,Low,10.94,71.05
cheap website design,500,Medium,37.43,123.3
website creation services,500,Medium,43.73,198.39
ecommerce websites,50000,Low,15.2,50.73
build me a website,50,Medium,30.6,133.09
create shopify store,500,Medium,53.3,222.96
website maker for small business,500,Medium,39.69,163.84
shopify web developer,500,Medium,59.12,237.53
website management services,500,Low,36.72,164.08
ecommerce website design,5000,Low,16.27,69.25
create a portfolio website,5000,Low,4.22,47.94
medical website design,500,Low,15.92,60.12
web development services,5000,Low,23.67,97.05
sitebuilder,500,Low,16.05,65.81
website design for small business,500,Low,29.27,128.89
best way to create a website,500,Medium,20.27,114.86
shopify website developer,500,Medium,59.12,237.53
create new website account,500,Medium,20.27,134.85
website building companies,500,Medium,31.23,149.49
ai website creator,50000,Medium,10.8,60.26
web maker,50000,Medium,5.91,59.96
back end developer,5000,Low,10.98,50.74
build own website,500,Medium,17.74,112.57
wordpress website developer,500,Medium,32.09,129.22
website making sites,5000,Medium,15.57,96.8
start your own website,50,Low,15.2,73.48
wordpress web developer,500,Medium,28.71,103.72
responsive web design,5000,Low,13.65,60.28
best portfolio website builders,500,Low,16.11,67.56
affordable website design packages,500,Low,30.06,90.34
best way to build a website,50,Medium,26.18,99.66
create website online,500,Medium,19.56,114.51
web design and development,5000,Low,21.81,81.62
restaurant website design,5000,Low,8.45,50.67
wordpress landing page,500,Low,8.32,63.34
create ecommerce website,5000,Medium,31.4,110.32
front end web developer,500,Low,6.76,53.21
website building services,500,High,34.04,147.16
graphic design agency,5000,Low,10.23,51.35
best site to build a website,5000,Medium,27.87,121.62
graphic design companies,5000,Low,11.36,41.74
top website builders,5000,Medium,27.87,121.62
fullstack developer,500,Low,24.01,84.46
online portfolio website,500,Low,5.07,49.41
best website to create a website,500,Medium,27.03,119.93
build ecommerce website,5000,Medium,31.4,110.32
design my own website,50,Low,,
best website building platform,500,Medium,24.49,138.51
build shopify store,500,Medium,53.3,222.96
simple website design,5000,Low,9.29,86.14
start my own website,50,Medium,11.82,97.12
create a simple website,500,Medium,10.13,98.81
website promotion services,500,Medium,35.9,151.17
web development agency,5000,Medium,25.11,115.2
website redesign,5000,Low,13.27,83.61
making a website from scratch,500,Medium,19.42,87.04
best website designers,500,Medium,54.05,176.11
website development costs,5000,Medium,15.09,66.35
website creators near me,5000,Medium,33.95,149.11
online website design,5000,Medium,16.89,90.41
web page designers near me,50000,Low,35.05,136.61
web dev,50000,Low,18.58,59.96
web design companies near me,5000,Low,28.21,120.69
website maker near me,5000,Medium,36.85,159.62
best e commerce sites,5000,Low,14.06,63.34
ecommerce website developer,500,Medium,45.2,171.21
webbuilder,50,Low,13.75,48.98
easy to use website builders,50,Low,,
best site to create website,500,Medium,27.03,119.93
design company,5000,Low,12.66,60.26
build a simple website,500,Low,11.82,86.14
membership platform,50,Low,27.98,149.87
create online shop,500,Medium,28.7,103.04
creating a website from scratch,500,Medium,19.42,87.04
website management,500,Low,22.8,96.35
top 10 website builders,50,Low,18.28,79.71
create your own business website,50,Medium,26.18,149.49
wordpress experts,500,Medium,49.83,228.87
wordpress designers,500,Low,30.4,131.75
wordpress web designer,500,Low,24.62,103.9
web page maker,500,Low,7.6,57.54
cost to build a website,5000,Medium,13.51,63.78
website building sites,50000,Medium,5.91,59.96
best website developers,500,Medium,31.98,169.4
build online store,500,Medium,27.87,96.28
website developers for small business,500,Low,29.27,128.89
setting up a shopify store,500,Low,53.21,316.15
shopify build website,5000,Medium,36,145.26
easy website design,500,Low,13.51,104.72
website design company near me,5000,Low,28.21,120.69
create a personal website,500,Low,9.14,91.21
create website account,50,Medium,13.51,89.52
design my website,50,Medium,26.18,91.43
ecommerce site,5000,Low,13.51,47.29
website design and development services,5000,Low,37.3,127.72
best ecommerce website,5000,Low,14.06,63.34
dental website design companies,50,Low,34.71,229.29
affordable websites for small business,50,Medium,15.1,99.58
website development software,500,Low,16.41,66.72
good website builders,5000,Medium,27.87,121.62
python web development,5000,Low,11.83,45.15
design portfolio website,5000,Low,7.54,70.94
ai web design,5000,Medium,6.76,42.31
graphic design portfolio websites,500,Low,3.38,22.38
shopify website development,5000,Low,54.41,206.07
modern website design,500,Low,6.69,86.14
find a web developer,50,High,32.71,133.44
shopify website design services,500,Low,39.63,138.51
website development near me,5000,Low,33.07,135.89
build a portfolio website,500,Low,7.6,48.14
easy website builders,500,Medium,15.53,119.08
websites to start a business,50,Medium,,
realtor website design,500,Low,10.48,58.65
webdeveloper,500,Low,18.78,86.58
web development companies near me,5000,Low,28.21,120.69
design your website,50,Medium,22.69,84.46
landing page creation,500,Medium,16.89,100.57
local web designers,50,Low,50.25,374.42
portfolio website maker,500,Low,5.07,25.06
web design services near me,500,Low,56.65,200.92
ux design agencies,500,Low,29.69,155.97
basic website design,5000,Low,6.8,51.52
website layout,5000,Low,6.29,70.1
custom websites,500,Low,18.2,102.96
best website builders for small business,50,Low,,
webpage designer,50,Medium,17.74,80.66
ui ux design agency,5000,Low,31.67,140.13
website design services near me,500,Low,33.27,115.3
i want to create a website,500,Medium,16.25,107.26
graphic design studio,500,Low,10.24,66.21
professional web designer,500,Low,32.09,141.13
real estate website design,500,Low,10.48,58.65
setting up an online store,500,Medium,22.6,87.83
create e commerce website,500,High,30.94,133.44
cool website designs,500,Low,8.87,97.97
web design websites,500000,Low,15.2,62.5
best website making sites,5000,Medium,27.87,121.62
website design websites,500000,Low,15.2,62.5
ui ux agency,500,Medium,30.65,102.78
build a wordpress website,500,Low,23.16,161.31
graphic design companies near me,5000,Low,13.98,47.8
website development service,5000,Low,23.67,97.05
responsive design,5000,Low,20.09,74.32
web design agency near me,500,Low,30.18,131.63
web design studio,500,Low,16.24,56.06
website design packages,500,Low,14.53,60.31
custom website design cost,50,Low,,
website design prices,5000,Medium,16.08,66.91
popular website builders,50,Low,24.49,120.77
elementor hosting,500,Low,90.36,230.89
web development near me,5000,Low,33.07,135.89
build a web page,50,Low,16.89,76.01
best website design companies,500,Low,31.9,119.82
best web designers,500,Low,30.17,119.15
ux design companies,500,Low,21.92,99.15
best platform to create a website,500,Medium,24.49,138.51
ecommerce developer,500,Low,32.17,90.43
wordpress design services,50,Low,,
web site creation,5000,Medium,20.27,97.86
cheap website design for small business,50,Medium,,
web design portfolio,5000,Low,7.54,70.94
website packages,500,Low,16.71,84.46
ecommerce web developer,500,Medium,39.78,159.83
custom web design,500,Low,30.14,183.84
designer websites,500,Low,10.13,64.19
create your own online store,50,Medium,38,113.9
website creation cost,5000,Medium,16.08,66.91
simple portfolio website,500,Low,8.31,70.94
fitness website design,500,Low,1.15,32.12
websites to create websites,500,Low,13.51,61.65
find web designer,50,Low,21.11,66.72
low cost website,500,Medium,20.27,103.56
ux portfolio website,500,Low,10.13,37.16
design own website,50,Medium,32.94,177.36
product design agency,50,Low,14.66,139.12
best online portfolio sites,50,Low,,
b2b website design,500,Low,23.12,90.51
ui ux developer,5000,Low,22.39,90.14
small business website design services,500,Low,26.03,145.39
web portfolio,5000,Low,8.29,67.56
shopify website design company,500,Medium,28.2,130.46
cheap web design,500,Medium,37.43,123.3
easy way to create a website,50,Medium,15.2,80.23
good website design,5000,Low,9.29,80.23
create a wordpress site,5000,Low,17.36,114.01
website making company,500,High,33.15,164.48
web design online,5000,Medium,16.89,90.41
web design business,500,Low,19.42,70.85
creating a webpage,500,Low,13.51,61.65
local web designers near me,50,Low,,
personal website design,500,Low,6.72,65.87
i need a website designer,50,Medium,32.09,93.4
react web development,500,Low,14.36,48.05
web design for small businesses,500,Low,29.27,128.89
hotel website design,500,Low,8.95,78.95
cheap website maker,500,Medium,28.11,126.68
webdesigners,50,Low,,
website building agency,500,Medium,30.81,158.93
white label web development,50,Low,102.16,425.06
ai generated websites,500,Medium,12.67,63.34
healthcare website design,500,Low,15.07,105.37
php web development,500,Low,19.42,63.25
create a membership website,50,Medium,16.05,128
best web developers,500,Medium,31.98,169.4
build wordpress site,5000,Low,17.36,114.01
website development company near me,5000,Low,30.17,122.74
create your own site,500,Medium,12.67,96.39
wordpress management services,50,Low,71.32,253.37
create a sitemap,500,Low,16.81,48.14
best web design companies,500,Low,22.89,91.17
wordpress website developer near me,500,Medium,37.23,141.04
graphic designer portfolio website,500,Low,6.41,75.16
dental website design,500,Low,12.44,70.5
business website design,500,Low,19.42,70.85
website design sites,500,Medium,16.89,70.05
shopify design agency,50,High,48.78,150.68
ui design online,500,Low,14.36,82.34
top 10 website design companies,500,Low,20.81,89.7
web development website,500,Medium,15.41,42.23
start a new site,500,Medium,10.98,107.53
web page development,500,Low,16.08,74.93
web programming,5000,Low,11.99,45.34
web development software,500,Low,17.93,61.79
website creation sites,50000,Medium,5.91,59.96
build website online,5000,Medium,17.74,95.39
best real estate website design,50,Low,11.33,45.31
website mockups,500,Low,36.32,101.35
create real estate website,50,Medium,21.96,135.97
ux agency,500,Low,29.69,155.97
html website maker,500,Low,8.29,59.12
outsource web development,500,Low,50.67,166.82
digital portfolio websites,50,Low,,
affordable web design for small business,50,Low,,
custom website design,500,Low,20.47,100.76
real estate website developer,50,Medium,27.11,146.06
custom website development,500,Low,29.67,128.09
web dev agency,5000,Medium,25.11,115.2
website design and development,5000,Low,21.81,81.62
web design cost,5000,Medium,16.08,66.91
figma web design,5000,Low,13.51,101.35
setting up your own website,50,Low,,
shopify store developer,50,High,77.04,249.14
making a web page,500,Low,10.13,59.12
build e commerce website,50,Medium,34.2,117.42
top 5 website builders,50,Medium,22.8,109.79
creative websites,5000,Low,12.05,102.19
laravel development company,5000,Low,85.18,1689.1
react front end developer,500,Low,8.45,36.32
most popular website builders,50,Low,,
web design firms,5000,Low,28.74,113.75
web development agency near me,500,Low,28.32,119.79
site design,500,Low,18.22,77.7
website design companies for small business,50,Low,27.56,112.33
creative website design,5000,Low,10.05,78.54
ui developer,5000,Low,3.32,76.95
build a personal website,500,Low,9.14,91.21
packaging design agency,500,Low,19.27,70.4
website landing page design,500,Low,6.73,85.3
best website design companies for small business,50,Medium,19.5,120.98
e commerce web design,500,Low,17.65,60.14
top branding agencies,500,Low,20.69,115.3
custom ecommerce website,50,Low,23.75,97.52
webpage creation,500,Medium,18.58,72.97
ecommerce development company,500,Low,31.26,95.54
hvac website design,50,Low,1.69,44.74
well designed websites,50,Low,5.59,70.94
seo website design,500,Low,17.04,73.41
fullstack web developer,5000,Low,20.59,60.34
create your online store,50,Low,32.09,105.02
shopify web design agency,50,Medium,76.98,150.86
figma website,5000,Low,0.29,99.66
build landing pages,5000,Medium,20.11,125.56
easy web design,50,Low,8.55,39.89
wordpress agency,500,Medium,24.44,101.05
website creation agency,50,Medium,42.09,230.56
drop servicing website,5000,Low,7.6,41.5
ui design website,5000,Low,16.89,102.05
figma to website,500,Low,36.32,136.82
html website creator,500,Low,8.29,59.12
making a portfolio website,5000,Low,4.22,47.94
new website design,500,Low,13.92,76.01
creative agency website,500,Low,21.71,90.5
ecommerce website price,500,Medium,14.68,47.25
web developer companies near me,500,Low,26.48,96.67
custom shopify website design,50,Low,,
top web development companies,5000,Low,29.7,112.3
website making websites,5000,Medium,13.96,79.81
website development agencies,5000,Medium,25.11,115.2
graphic design firms,500,Low,7.59,22.84
responsive website,5000,Low,13.61,74.32
packaging design companies,500,Low,14.57,72.21
web design pricing,50,Medium,12.64,62.06
website packages pricing,50,Medium,10.29,38.57
best looking websites,500,Low,7.48,79.39
website design firms,5000,Low,28.74,113.75
shopify web development,5000,Low,54.41,206.07
best web design websites,5000,Low,9.29,80.23
wordpress website agency,50,Medium,35.92,165.59
looking for website developer,500,Medium,38.71,167.19
website making software,500,Low,14.36,61.37
wordpress development companies,500,Low,22.1,98.25
build your own ecommerce website,50,Medium,33.2,110.36
corporate website design,500,Low,13.79,90.41
ui ux companies,500,Low,22.88,120.94
wordpress design agency,50,Low,,
shopify store development,500,Low,43.07,146.95
ecommerce website designers,500,Low,34.91,131.32
ecommerce website company,50,Medium,48.71,118.71
professional web developer,50,Medium,26.09,109.48
web portal development,500,Low,27.3,118.24
website creation company,5000,Low,28.74,113.75
steps to create a website,500,Low,9.29,74.32
construction website design,500,Low,14.92,80.89
site making,50,Medium,20.27,124.48
create portfolio online,500,Low,3.8,38.96
low cost website design,500,Low,25.61,116.49
build custom website,50,Medium,21.96,108.1
design firms,500,Low,15.03,105.51
web design for beginners,500,Low,15.2,68.55
html and css design and build websites,500,Low,1.23,38
restaurant branding agency,50,Medium,13.63,110.64
best web development companies,500,Low,29.56,130.27
wireframing website,50000,Low,21.96,104.44
website making cost,5000,Medium,13.51,63.78
digital product design agency,50,Low,,
best web design agencies,500,Low,21.34,95.56
wordpress website maker,5000,Low,14.36,88.53
best agency websites,500,Low,15.42,79.08
looking for web developer,500,Medium,38.71,167.19
website design packages prices,50,Low,7.6,36.46
ux design firms,500,Low,10.41,149.88
top web design companies,500,Low,28.04,100.5
unique website designs,500,Low,8.02,56.8
digital design agency,50,Low,14.72,484.25
non profit website design,50,Low,4.57,25.08
web content management,500,Low,14.96,107.26
webdesign company,500,Low,35.08,129.96
e commerce development,500,Low,20,75.47
design agency near me,500,Low,16.19,62.91
web page developer,50,Medium,27.91,119
wordpress site development,500,Low,28.08,122.46
best art portfolio websites,50,Low,,
offshore web development,50,Low,,
website design and seo,500,Low,17.04,73.41
web agencies,50,Medium,17.33,61.13
average cost to build a website,50,Low,8.75,32.7
ux design portfolio websites,50,Low,,
create your site,500,Medium,16.05,106.16
branding agency for small business,50,Medium,15.29,103.07
outsource website development,500,Low,50.67,166.82
best ecommerce website design,500,Low,11.39,51.52
personal web page,5000,Low,6.97,55.95
wordpress development services,500,Low,19.42,91.23
wordpress membership site,50,Low,11.82,70.03
travel website design,5000,Low,11.82,90.41
top website developers,50,Low,31.08,132.59
ux designer portfolio website,500,Low,5.07,21.11
create one page website,50,Medium,15.2,136.82
to create a website,500,Medium,17.74,100.86
build your own online store,50,Medium,38,113.9
wordpress staging site,50,Low,26.49,78.92
website redesign services,5000,Low,27.77,100.45
graphic design sites,5000,Low,5.91,53.05
web ui design,5000,Low,23.65,114.01
shopify website agency,50,Medium,48.39,161.31
ux design website,500,Low,20.16,85.58
create a membership site,50,Low,,
generate website,500,Medium,12.67,61.65
saas website design,500,Low,10.05,168.91
wordpress designer near me,50,Medium,34.63,121.08
top design agencies,500,Low,26.88,87.3
top web design agencies,50,Low,33.55,97.26
simple web design,5000,Low,9.29,86.14
ecommerce website development cost,500,Medium,20.09,74.32
cms for nextjs,50,Low,,
web design and development agency,500,Medium,27.87,99.16
american web coders,50,Low,,
website design firm,5000,Low,28.74,113.75
best website development software,50,Medium,37.16,107.26
website from scratch,50,Low,16.89,115.7
affordable website design,50,Low,16.9,66.41
web development business,500,Low,14.36,60.64
product design studio,500,Low,12.48,183.39
real estate agent website design,50,Low,38.98,135.13
e commerce web developer,500,Medium,39.78,159.83
best website company,500,Low,27.82,114.38
wordpress website services,50,Low,17.4,92.99
website banner design,5000,Low,15.2,255.05
web making,5000,Medium,14.36,79.81
ui design agency,50,Medium,37.51,154.96
best graphic design websites,500,Low,7.6,54.9
bespoke website,50,Low,20.26,72.55
minimalist website design,500,Low,10.15,42.15
ui ux design company,5000,Low,29.57,108.54
website developer agency,500,Medium,34.9,188.26
find website developer,50,High,32.71,133.44
web coding,500,Low,10.1,41.37
brand identity agency,50,Medium,25.11,95.67
website design for beginners,500,Low,15.2,68.55
website designers in my area,50,Low,,
top website designs,500,Low,8.36,107.26
web development services near me,500,Low,31.62,120.18
ecommerce development agency,500,Low,32.95,97.94
restaurant website design company,50,Low,,
website layout design,5000,Low,9.29,78.54
local web developers,50,Low,,
3d website design,500,Low,10.98,54.9
restaurant web design,5000,Low,8.45,50.67
ecommerce website cost,500,Medium,14.68,47.25
ecommerce design,500,Low,15.52,65.03
wordpress website design services,500,Low,38.86,155.4
saas website design agency,50,Low,37.71,157.15
modern web design,500,Low,6.69,86.14
cool portfolio websites,5000,Low,9.28,79.39
product development companies near me,50,Low,,
website homepage design,500,Low,6.43,60.34
design companies near me,500,Low,19.61,56.45
ux company,500,Low,29.69,155.97
ecommerce website design companies,500,Low,46.8,137.59
b2b web design agency,50,Low,41.98,110.74
ux web design,50,Low,24.61,92.5
healthcare website design company,50,Low,24.59,158.14
beautiful website design,500,Low,9.59,108.39
dental web design,500,Low,12.44,70.5
php development company,500,Low,38.04,125.5
python backend developer,500,Low,11.82,45.96
web design services for small business,500,Low,26.03,145.39
website development packages,500,Low,16.27,62.03
website optimisation,500,Low,18.28,120.61
branding design agency,500,Low,18.78,100.45
creative web design,5000,Low,10.05,78.54
cheap website development,50,Medium,25.92,96.28
website design and build,50,Low,,
brand design company,500,Low,11.53,67.11
we build websites,50,Low,,
best branding agency,500,Low,20.69,115.3
best design agencies,500,Low,25.9,71.61
laravel development,500,Low,22.8,270.8
brand consulting firms,500,Low,18.54,95.46
angular web development,500,Low,18.91,43.07
white label website development,50,Low,102.16,425.06
top web developers,50,Low,31.08,132.59
best graphic design portfolio websites,50,Low,,
coding a website from scratch,50,Low,,
laravel development agency,500,Low,,
website design & development,5000,Low,21.81,81.62
web development firm,50000,Low,27.22,104.03
top web designers,50,Low,45.59,150.9
software development website,500,Low,13.38,64.19
custom wordpress development,500,Low,33.63,419.45
best design agency websites,500,Low,21.34,95.56
web agency near me,500,Low,30.17,147.72
landing page design agency,500,Low,21.65,90.41
real estate website development,500,Low,28.29,117.37
figma landing page,500,Low,0.34,101.35
website consulting services,50,Low,31.71,82.99
wordpress website company,50,Low,15.54,90.29
ecommerce web designer,500,Low,34.91,131.32
great website designs,5000,Low,9.29,80.23
ecommerce website design agency,500,Low,32.06,102.97
software development company website,500,Low,18.17,103.04
clean website design,50,Low,24.49,125.42
ecommerce web developers,500,Low,54.54,160.66
website designer and developer,500,Low,21.79,114.86
website development prices,500,Medium,13.57,52.39
ui ux web design,500,Low,17.13,91.35
custom wordpress website design,50,Low,40.54,160.57
making a personal website,500,Low,9.14,91.21
one page website design,500,Low,8.45,65.87
best ecommerce website builders,50,Low,,
design webpage,50,Low,10.66,63.34
3d web design,500,Low,10.98,54.9
website programming,50,Low,8.45,62.8
ui ux design studio,500,Low,24.26,116.78
ecommerce website developer near me,500,Medium,50.23,142.55
real estate website development services,50,Low,,
ecommerce web designers,500,Low,34.91,131.32
create html page,5000,Low,9.29,76.89
shopify custom website design,50,Medium,36.28,169.45
best digital agency websites,50,Low,18.44,56.58
ux design studio,500,Low,21.42,124.99
site logo,500,Low,0.62,1.69
create wordpress,50,Low,20.03,178.2
ecommerce development services,500,Low,35.25,98.01
web development sites,500,Medium,19.3,65.3
graphic design agencies near me,5000,Low,13.98,47.8
best website development company,5000,Low,29.7,112.3
web development packages,500,Low,16.27,62.03
need website developer,500,High,40.41,128.34
best website design services,500,Medium,25.97,118.29
landing page developer,50,High,22.95,90.37
design firms near me,50,Low,25.77,83.12
b2b website design agency,50,Low,41.98,110.74
web design consultant,500,Low,21.04,97.67
most beautiful websites,500,Low,15.2,69.25
web3 design agency,50,Low,,
php development services,500,Low,20.09,116.4
interactive website design,500,Low,16.05,60.85
good web design,5000,Low,9.29,80.23
web dev company,50000,Low,27.22,104.03
steps to building a website,500,Low,8.45,76.85
web software developer,50,Low,21.6,72.2
software developer website,50,Medium,11.86,165.03
site developer,50,Medium,26.18,107.44
healthcare branding agency,50,Medium,31.43,83.7
website coding software,50,Low,10.13,47.47
web design development,500,Low,15.3,61.37
web designers and developers,500,Low,21.79,114.86
react web developer,50,Low,16.05,79.39
graphic design firms near me,50,Low,46.09,55.45
medical web design,500,Low,15.92,60.12
company branding services,50,Medium,18.88,107.35
average cost for website design,50,Low,9.45,61.65
web banner design,5000,Low,15.2,255.05
website page design,5000,Low,10.52,63.8
ui design company,500,Low,10.41,149.88
custom web developer,50,Low,21.03,177.2
brochure website,500,Low,31.91,97.04
design consulting firms,500,Low,33.6,144.86
web design package,50,Low,13.13,43.92
best design portfolio websites,500,Low,,
php website development,500,Low,19.42,63.25
motion design agency,50,Low,,
backend development,5000,Low,11.46,44.09
ecommerce design agency,50,Low,,
web3 development company,5000,Low,26.12,1436.58
wordpress developer agency,50,Medium,35.92,127.39
best creative agency websites,50,Medium,17.82,60.27
best custom website design company,50,Medium,,
website redesign cost,50,Low,8.34,36.44
ui designs,50000,Low,19.42,81.08
amazing website designs,500,Low,9.47,103.04
web redesign,50,Low,28.85,123.63
ecommerce website services,500,Medium,35.85,106.04
minimalist website,5000,Low,8.45,81.11
web design quote,500,Low,18.23,79.45
ui ux design website,500,Low,16.89,83.2
shopify web development agency,50,Low,39.7,175.67
best website layouts,500,Low,6.41,65.87
estate agent website design,50,Unknown,,
ecommerce website development agency,500,Low,38.55,172.34
online web development,500,Medium,24.62,114.53
cms development,500,Low,8.45,304.51
creative branding agency,500,Low,20.12,63.47
best dental website design companies,50,Low,,
wordpress design and development,50,Low,9.09,45.13
website design and development company,500,Low,30.06,99.4
web development studio,50,Low,34.63,70.41
branding and design agency,500,Low,18.78,100.45
sharepoint website design,500,Low,55.74,76.99
web content writing,5000,Low,5.91,58.64
it website design,500,Low,14.27,84.46
professional website development,50,Low,23.16,90.41
affordable web design,50,Low,,
branding studios,5000,Low,15.83,56.64
low cost website design company,500,Low,27.55,91.93
b2b website agency,50,High,56.58,187.49
best website development,50,Medium,29.03,106.18
american web developers,50,High,75.16,195.09
web agency website,50,Medium,17.33,61.13
ui ux design firm,5000,Low,29.57,108.54
online website development,500,Medium,24.62,114.53
best web development agencies,5000,Low,29.7,112.3
retail design agency,500,Low,18.14,87.86
website development sites,500,Medium,19.3,65.3
graphic design studios near me,500,Low,17.32,57.43
web company,500,Low,22.69,72.09
cost of setting up a website,50,Low,14.36,81.92
website creation price,500,Medium,14.41,46.64
web design firms near me,50,Low,25.14,133.7
backend web development,5000,Low,12.07,42.3
need web developer,50,Medium,38.78,117.93
web design and development companies,500,Low,30.06,99.4
ui ux website,500,Low,16.89,83.2
best websites to design logo,50,Medium,0.84,42.23
custom web design services,50,Low,,
online store website design,50,Low,19.56,84.03
good looking websites,500,Low,10.82,109.79
branding agencies near me,5000,Low,16.59,75.08
top branding agencies in the world,500,Low,12.2,46.93
hotel website design company,50,Low,60.18,135.56
angular development company,500,Low,,
hotel branding agency,50,Medium,23.44,90.11
it web developer,500,Low,14.87,48.52
bakery website design,500,Low,2.53,71.79
website redesign agency,50,Medium,29.56,149.49
best product design companies,50,Low,23.15,185.13
digital website design,50,Low,11.37,73.01
graphic web designer,500,Low,15.47,51.57
ux designer website,50,Low,14.78,96.28
wordpress website development company,500,Low,37.2,126.68
top 10 creative agency websites,50,Low,10.99,50.23
brand design studio,50,Low,18.36,81.18
ecommerce website development services,500,Low,32.36,125.54
web design landing page,50,Low,,
healthcare web design,50,Low,,
basic web design,5000,Low,6.8,51.52
nice website designs,50,Low,7.49,65.03
card website design,500,Low,,
ngo website design,500,Low,18.4,75.67
laravel web development,500,Low,11.97,86.62
web developer php,500,Low,24.49,140.63
front end dev,5000,Low,11.31,55.2
travel website design company,500,Low,21.51,110.63
interactive web design,50,Low,13.51,71.79
best web page design,5000,Low,9.29,80.23
ui ux designer portfolio website,500,Low,5.91,41.38
web page design in html,5000,Low,11.82,74.32
creative web design agency,50,Low,25.77,59.96
best ecommerce website development company,50,Low,46.3,168.64
creative design agencies,500,Low,20.97,69.15
mobile website design,500,Low,9.29,65.93
package design companies,500,Low,10.55,81.68
b2b design agency,50,Medium,31.7,114.54
best ux websites,500,Low,5.87,71.79
service design agency,50,Low,,
graphic and web design,500,Low,15.47,51.57
simple web page design,5000,Low,9.29,86.14
web development consultant,500,Low,26.72,72.3
motion graphics agency,50,Low,,
event website design,500,Low,10.98,35.11
best one page websites,50,Low,7.59,92.07
web management,500,Low,22.8,96.35
web design logo,500,Low,,
web design agency websites,50,Low,,
top website design agencies,50,Low,33.55,97.26
ui ux designing,50000,Low,21.11,84.66
ux designer agency,50,Low,,
product packaging design companies,50,Low,17.54,59.54
landing page development,50,Low,24.27,100.5
3d design company,500,Low,15.07,39.4
cheap website design company,500,Low,,
top 10 web development companies in world,50,Low,11.19,73.69
design studio website,500,Low,20.43,56.58
custom php development,50,Low,,
wordpress web design company,500,Low,25.11,91.86
wordpress website design company,500,Low,25.11,91.86
html web design,5000,Low,9.29,72.23
coding web,5000,Low,8.27,63.47
html designer online,500,Low,13.05,114.86
b2b web design,50,Low,,
ecommerce website development company,500,Low,29.61,93.83
css developer,500,Low,,
web developer consultant,50,Medium,21.46,126.5
website dev,50000,Low,18.58,59.96
graphic design company website,50,Medium,12.44,41.85
web agencies near me,50,Low,,
brand creation company,50,Medium,23.23,95.06
website development website,500,Medium,19.3,65.3
top ui ux design companies,50,Low,37.73,128.26
top ux design agencies,50,Low,18.35,164.74
web optimization,500,Low,12.67,67.14
web audit,5000,Low,10.63,98.81
digital design companies,50,Low,,
wordpress website design agency,500,Low,25.11,91.86
web developer online,50,Medium,25.11,91.71
web based software development,50,Low,,
mobile friendly website design,50,Low,2.53,42.03
professional web development services,500,Low,42.93,131.21
fullstack web development,5000,Low,22.29,94.12
bespoke website design,500,Low,16.41,54.81
award winning website designs,500,Low,9.25,168.91
odoo website development,500,Low,20.09,55.74
website development firm,500,Medium,25.6,135.32
real estate web design agency,50,Low,,
mobile web design,500,Low,9.29,65.93
cms web development,500,Low,12.2,70.94
building an e commerce website,50,Medium,30.4,153.71
custom web design pricing,50,Unknown,,
wordpress development agency,500,Low,33.15,124.15
brochure design company,500,Low,15.62,70.56
web development cost,500,Low,14.62,55.06
web designer developer,500,Low,22.56,93.75
web designer company near me,500,Low,23.86,107.94
wordpress developer services,50,Medium,25.82,245.91
design html page online,500,Low,9.12,114.86
custom web development services,500,Low,23.97,436.63
nft website design,50,Low,19.42,99.12
accessible web design,50,Low,5.07,97.97
affordable web design company,500,Low,,
website header design,5000,Low,32.35,168.91
website development business,50,Medium,20.66,88.25
ecommerce branding agency,50,Low,51.91,125.84
travel agency website design,500,Low,14.08,64.69
gb web development,50,Unknown,,
wordpress website development services,500,Low,36.07,129.52
best ui design websites,500,Low,16.89,78.54
ecommerce website design services,500,Low,40.08,97.94
top website companies,500,Low,29.06,94.59
wordpress website development cost,50,Low,14.29,90.37
corporate website development,50,Low,63.35,106.41
b2b web agency,50,High,56.58,187.49
staging wordpress,500,Low,42.02,55.35
best portfolio websites for web developers,500,Low,5.07,79.39
custom website design company,500,Low,46.29,132.25
shopify ecommerce agency,50,Medium,,
page designer,500,Low,12.98,47.5
ecommerce web development services,500,Low,39,116
build web3 website,50,Unknown,,
experiential design agency,50,Low,,
wordpress front end developer,50,Low,,
website designing company near me,500,Low,35.91,136.98
shopify website development cost,50,Low,54.05,135.99
website wireframe design,500,Low,16.89,86.99
html website design,5000,Low,9.29,72.23
best ux companies,50,Low,13.99,96.33
best online store creator,50,High,18.2,114.93
internet design,500,Low,3.18,62.16
social media design agency,50,Medium,32.67,106.07
get sitemap of website,500,Low,22.8,119.93
web development pricing,500,Medium,13.57,52.39
best ux agencies,50,Low,13.99,96.33
wordpress web design services,500,Low,38.86,155.4
low cost web design services,50,Medium,,
web development company website,500,Medium,20.27,42.69
wordpress web design agency,500,Low,25.11,91.86
3d design agency,500,Low,15.07,39.4
website designer agency,50,Medium,29.56,149.49
marketing design agency,50,Low,21.6,62.32
top design agencies in the world,500,Low,12.55,96.04
digital web design,50,Low,19.26,156.92
best design agencies in the world,500,Low,12.55,96.04
cms web design,50,Low,,
ui ux portfolio websites,500,Low,5.91,41.38
web and software developer,50,Low,,
ux website,500,Low,20.16,85.58
custom web development,500,Low,29.67,128.09
enterprise web development,50,Low,,
ecommerce web agency,50,High,45.45,112.07
white label design agency,50,Low,,
user friendly website,500,Low,16.05,154.46
best hotel website design,50,Low,8.79,77.7
portfolio website for web developer,500,Low,4.56,70.1
web development firms near me,50,Low,,
web developer cost,50,Low,23.67,54.81
best web agency websites,50,Low,18.44,56.58
top website development companies,5000,Low,29.7,112.3
figma design website,500,Low,12.05,98.81
web development agentur,50,Unknown,,
product design services company,50,Low,,
top 10 web developers in the world,50,Low,,
website design and marketing near me,50,Unknown,,
best ui websites,500,Low,10.13,74.32
e commerce web development,50,Low,23.52,97.94
marketing and design agency,50,Low,21.6,62.32
reactjs developers,5000,Low,8.07,119.4
design agency services,50,Low,19.45,52.65
web design and branding agency,50,Medium,18.68,95.56
best web design agency websites,50,Medium,,
build a website with python,50,Low,13.51,109.73
web development agency website,50,Medium,15.12,56.93
custom website developers,50,Low,21.03,177.2
digital product agencies,50,Low,,
webdesigning,50,Low,,
custom ecommerce development,500,Low,38.17,132.76
website design and development agency,500,Medium,27.87,99.16
wordpress web agency,50,Medium,35.92,165.59
ecommerce web development agency,500,Low,38.55,172.34
build your ecommerce website,50,Medium,25.11,110.22
wordpress design company,50,Low,,
create sitemap online,500,Low,,
saas design agency,50,Low,,
custom web design and development services,50,Low,,
front end developer website,50,Low,11.21,65.03
top ux agencies,50,Low,18.35,164.74
ui agency,50,Low,,
product design and development companies,50,Low,,
coding web development,500,Low,13.71,49.8
top website design companies,500,Low,28.04,100.5
marketing agency website design,50,Low,26.93,72.63
build html website,50,Low,,
front end development services,500,Low,26.47,120.29
generate a sitemap,50000,Low,19.46,147.8
best web agency in the world,50,Unknown,,
web developer portfolios,500,Low,39.69,67.56
top product design companies,50,Low,,
outsource web development services,50,Low,,
website design and branding companies,50,Medium,,
ux design companies near me,50,High,,
small business web design packages,50,Low,,
responsive website design,5000,Low,13.65,60.28
packaging agency,50,Medium,12.69,53.18
annual report design agency,500,Low,67.69,378.78
website making agency,500,Medium,30.81,158.93
ecommerce designer,50,Low,26.49,81.16
educational website design,500,Low,5.35,33.21
webdesigns,50,Low,8.45,49.83
agency branding,5000,Low,20.1,84.96
build a personal portfolio webpage,50,Low,,
services page design,5000,Low,19.44,168.91
cheapest web design company,500,Low,,
best web developer portfolios,500,Low,5.07,79.39
best graphic design companies,500,Low,10.04,59.96
website making charges,500,Medium,15.56,55.61
wordpress web development,500,Low,28.08,122.46
package design agency,500,Low,19.27,70.4
healthcare website development,50,Low,,
front end and back end development,50,Low,,
top web development agencies,5000,Low,29.7,112.3
healthcare web development,50,Low,,
web design for construction company,500,Low,14.92,80.89
top ux design companies,50,Low,18.35,164.74
webdesign portfolio,50,Low,,
responsive web design css,500,Low,34.87,212.83
web layout design,5000,Low,9.29,78.54
best ux design agencies,50,Low,13.99,96.33
digital design studio,50,Low,,
web design figma,500,Low,14.47,108.1
quotation for website development,500,Low,16.5,59.26
best webdesign,500,Medium,54.05,176.11
developers website,500,Low,15.36,46.45
e commerce website design and development,500,Low,,
local web design,50,Low,,
web design company names,500,Low,7.81,50.67
responsive webdesign,50,Low,,
figma for website design,5000,Low,13.51,101.35
front end web design,500,Low,16.89,60.35
low cost web design,500,Low,25.61,116.49
html css and javascript for web developers,500,Low,11.2,44.76
cms development company,500,Low,58.51,107.52
best web development services,500,Low,27.53,102.31
shopify web design services,500,Low,39.63,138.51
front end programming,500,Low,14.05,72.86
brand strategy firms,50,Low,,
corporate branding agency,50,Medium,34.49,133.1
retail design companies,500,Low,27.15,88.88
web 3.0 developer,50,Low,15.68,45.61
web companies near me,500,Low,27.04,99
seo onpage,50,Low,23.85,86.85
real estate developer website,50,Low,16.89,51.98
creative design company,50,Low,,
famous web designers,50,Low,,
web layout,5000,Low,6.29,70.1
front and back end developer,500,Low,9.12,44.12
web content developer,50,Low,,
top graphic design companies,500,Low,8.58,31.12
web interface design,5000,Low,16.89,102.05
graphic websites,500,Low,18.03,100.5
it company website design,500,Low,15.99,88.44
ecommerce web development,5000,Low,32.53,104.98
landing page design company,50,Low,,
best creative websites,500,Low,7.41,60.81
webpage layout,500,Low,,
web developer personal website,50,Low,15.53,85.3
ecommerce web design services,500,Medium,35.85,106.04
custom web development company,500,Low,30.64,230.96
custom website design services,50,Low,,
html page design,5000,Low,11.82,74.32
html & css design and build web sites,500,Low,1.23,38
frontend as a service,50,Low,,
graphic design agency website,50,Low,12.37,160.46
best web designers in the world,50,Low,11.86,39.94
hotel web design,500,Low,8.95,78.95
motion graphics companies,500,Low,,
saas web development,50,Low,28.62,78.21
wordpress website development agency,500,Low,33.49,124.49
local web design companies,50,Medium,,
ecommerce site development,5000,Low,32.53,104.98
web coding online,50,Low,,
html5 developer,50,Low,,
web mockups,500,Low,36.32,101.35
nonprofit web design agency,50,Low,,
web design coding,500,Low,12.59,76.85
web copywriting,500,Low,1.65,36.71
web development services company,500,Low,21.33,64.19
best brand design agencies,50,Medium,,
software and web development,50,Low,16.8,63.4
wordpress web development services,500,Low,36.07,129.52
best travel agency website design,50,Low,18.58,40.3
us web development company,5000,Medium,84.46,202.69
maker websites,50,Low,7.46,47.32
bespoke web design,500,Low,16.41,54.81
flyer design company,50,Low,,
web portal development company,50,Low,,
bespoke web design services,50,High,,
top digital design agencies,50,Low,,
top web design firms,500,Low,28.04,100.5
affordable website design company,500,Low,,
cool web design,50,Low,,
ecommerce web development company,500,Low,34.34,131.03
web developer coding,50,Low,10.49,65.87
web portal development services,50,Low,,
wordpress website development,500,Low,28.08,122.46
creative agency website design,50,Low,25.77,59.96
front end website design,500,Low,21.11,108.1
design e commerce website,5000,Low,16.27,69.25
responsive web,5000,Low,13.61,74.32
ecommerce store development,50,Low,27.13,146.02
ad agency website,50,Low,12.68,53.21
wordpress web development company,500,Low,37.2,126.68
minimalist web design,500,Low,5.91,38.79
professional website design company,50,Low,29.63,109.02
html & css design and build websites,500,Low,1.23,38
wordpress website design and development,50,Low,,
best design studios,50,Low,15.13,50.73
best websites for web development,50,Low,18.27,44.76
nft design agency,50,Unknown,,
best ui ux design companies,500,Low,29.11,80.06
restaurant web design agency,50,Low,,
ui ux front end developer,500,Low,17.8,93.18
wordpress web development agency,500,Low,33.49,124.49
custom box agency,50,Low,,
best web design firms,500,Low,22.89,91.17
modern web development,50,Low,8.59,34.69
b2b web development,50,Medium,51.38,276.17
create responsive website,500,Low,4.22,43.07
shopify website development services,500,Low,49.25,163.4
graphic design and web development,50,Low,18.23,219.58
advanced web development,500,Low,16.26,60.27
online store development,50,Low,34.32,81.08
web agency services,50,Low,15.17,51.88
design system agency,50,Low,,
colorful websites,500,Low,21.11,121.62
web design projects,500,Low,4.26,72.63
custom website design agency,50,Low,42.69,80.37
top web design,500,Low,8.36,107.26
retail design firms,500,Low,27.15,88.88
website development services company,500,Low,21.33,64.19
b2b website development,50,Medium,51.38,276.17
custom web design company,50,Low,42.69,80.37
small business website design packages,50,Low,,
ecommerce software development company,50,Low,25.11,44.87
product website design,500,Low,10.44,40.18
cms website design,500,Low,3.68,39.69
best homepage design,5000,Low,9.29,80.23
front end back end,5000,Low,26.18,63.02
medical website design company,50,Low,,
fintech design agency,50,Low,,
design agency for startups,50,Medium,,
best affordable website design companies,50,Unknown,,
single page website design,500,Low,8.45,65.87
online website design company,50,Medium,,
best ux design companies,50,Low,13.99,96.33
html css developer,50,Low,,
web design system,50,Low,,
website and software development,500,Low,13.38,64.19
webdesign agency new york,500,Low,96.28,319.24
website interface design,5000,Low,16.89,102.05
wordpress portfolio website,500,Low,3.38,53.34
custom wordpress website development,50,Low,,
web design agency landing page,50,Medium,,
the best website design companies,50,Unknown,,
best web design agency in the world,50,Low,15.88,69.89
affordable web design services,500,Low,,
php web development services,500,Low,80.99,278.32
agile web development,50,Low,42.23,404.54
best website design firms,500,Low,22.89,91.17
top 10 ecommerce development companies,50,Low,33.21,358.25
staging site,500,Low,,
biggest web development companies,5000,Low,29.7,112.3
mobile site,500,Low,1.02,10.62
web designer portfolio website,5000,Low,8.93,70.43
packaging design companies near me,500,Low,16.98,51.56
front end website development,5000,Low,12.18,47.52
label design company,50,Low,12.67,48.14
backend web developer,50,Low,9.15,25.36
best website making company,50,Medium,32.06,151.17
it web design,500,Low,14.27,84.46
developer personal website,50,Low,20.12,69.2
motion design companies,50,Low,,
web design and development services,5000,Low,37.3,127.72
top web designers in the world,50,Low,11.86,39.94
branding and packaging company,50,Medium,17.01,50.88
best graphic design agencies,500,Low,8.58,31.12
b2b ecommerce website development,50,Low,,
basic web page creation,50,Low,,
dental website development,50,Low,,
white label graphic design agency,50,Low,,
website design for company,5000,Low,28.74,113.75
ui design studio,50,Low,,
python website development,5000,Low,11.83,45.15
landing page for web design company,50,Low,,
web design agency services,50,Low,,
custom website development services,500,Low,23.97,436.63
full service website design,50,Low,,
css web development,500,Low,10.13,42.06
branding agency website,50,Low,15.23,63.34
ecommerce web design agency,500,Low,32.06,102.97
online branding agency,50,Low,30.71,145.33
brochure design agency,50,Medium,28.13,103.04
front and back end web development,50,Low,,
bespoke website development,50,Low,,
design and development agency,50,Low,,
ui design firm,500,Low,10.41,149.88
web design and web development,5000,Low,21.81,81.62
packaging design firms,500,Low,10.55,81.68
advertising design company,50,Low,12.95,50.46
website design development company,500,Low,30.06,99.4
the website design company,50,Low,,
website content creation,500,Low,15.2,74.32
html web development,500,Low,13.51,50.08
famous branding agencies,50,Medium,20.12,70.44
frontend designer,500,Low,12.23,160.46
top web agencies,50,Medium,,
australian web design company,500,Low,109.65,250.83
top ux companies,50,Low,18.35,164.74
shopify web development services,500,Low,49.25,163.4
laravel website development services,500,Low,,
real estate web development,500,Low,28.29,117.37
best travel website design,50,Low,7.41,100.45
creative web agency,500,Low,21.71,90.5
graphic design branding packages,50,Unknown,,
design services company,50,Low,11.06,67.56
css web design,500,Low,8.45,41.16
experiential design firms,50,Low,9.18,241.09
web software development company,50,Low,,
small web development companies,50,Medium,26.9,83.58
top design studios,50,Low,,
famous web design companies,500,Low,28.04,100.5
retail branding agency,50,Medium,20.09,39.94
software design website,5000,Low,10.09,54.7
the best web design companies,50,Low,,
web design agency pricing,50,Low,,
back end front end,5000,Low,26.18,63.02
best digital design agencies,50,Unknown,,
web content development,500,Low,15.07,86.99
laravel web development company,500,Low,,
php ecommerce website,500,Low,13.51,75.16
boutique design agency,50,Medium,,
laravel website development,500,Low,11.97,86.62
corporate web design,500,Low,13.79,90.41
build responsive real world websites with html and css,500,Low,20.27,43.07
web design for estate agents,50,Unknown,,
website front page design,500,Low,9.26,74.32
famous graphic design companies,50,Low,,
front end and back end developer,500,Low,8.27,45.61
brand design consultant,50,Medium,22.72,111.36
new web design,500,Low,13.92,76.01
python backend development,500,Low,10.68,45.61
javascript front end,500,Low,,
product branding agency,50,Low,,
front end web development with react,50,Low,9.12,48.1
best web design services,50,Low,,
visual web developer,50,Low,12.82,30.14
web development consulting services,50,Low,,
steps to design a website,500,Low,5.48,48.87
best ux design firms,50,Low,13.99,96.33
branding and creative agency,500,Low,20.12,63.47
web development platform,500,Low,18.54,58.27
digital web design agency,50,Low,,
professional web design company,50,Low,29.63,109.02
brand packaging design agency,50,Medium,11.53,99.66
office branding agency,50,Medium,28.15,113.32
bespoke web development,50,Low,,
best minimalist websites,50,Low,,
design studio agency,50,Low,,
top 10 web design companies,50,Low,,
responsive portfolio website,500,Low,,
web design & development services,5000,Low,37.3,127.72
mobile responsive website,5000,Low,10.91,23.69
cheap website development company,500,Low,39.08,112.02
back end programming,500,Low,10.33,49.07
professional website design services,50,Low,30.15,92.21
brand identity design agency,50,Medium,18.28,120.11
best website designers for small business,50,Low,,
web ux,500,Low,20.16,85.58
custom web development agency,50,Low,,
japanese website design,50,Low,,
basic web development,5000,Low,10.13,38.16
website development steps,500,Low,2.78,32.94
atom web development,50,Low,,
marketing web developer,50,Low,,
b2b website development company,50,Low,,
responsive site,5000,Low,13.65,60.28
best ui ux companies,500,Low,29.11,80.06
wordpress ecommerce development,50,Low,,
3d web development,50,Low,14.36,61.86
web design for company,5000,Low,28.74,113.75
healthcare design agency,50,Low,,
one page design,500,Low,,
custom website design and development,50,Low,,
small business web design agency,50,Unknown,,
shopify ecommerce development,50,Low,44.51,85.85
top design companies,50,Low,,
digital agency landing page,50,Low,,
web designer logo,500,Low,0.84,6.63
web writing,500,Low,,
web dev portfolios,5000,Low,7.45,69.25
web designing companies near me,50,Low,14.3,161.32
python web programming,500,Low,17.17,57.43
attractive website design,500,Low,9.59,108.39
cheap web development,50,Medium,25.92,96.28
best design companies,500,Low,,
enterprise website development,50,Low,,
best web design companies in the world,50,Low,15.88,69.89
web and mobile design,50,Low,,
minimalist portfolio website,500,Low,,
digital ux agency,50,Unknown,,
creating a website with python,500,Low,9.29,37.16
create simple html page,500,Low,,
branding and graphic design services,50,Low,,
front end development company,500,Low,14.47,37.68
web ui ux,500,Low,22.8,96.47
website layout html,500,Low,,
web design company website,50,Medium,18.43,52.15
ecommerce design company,50,Low,,
web front end,500,Low,18.68,44.2
shopify web development company,5000,Low,54.41,206.07
figma site,50,Low,0.13,111.48
best design firms,500,Low,,
custom ecommerce website development,500,Low,,
webdesign seo,50,Low,,
web design & development agency,500,Medium,27.87,99.16
dev website,500,Low,15.36,46.45
web ui developer,50,Low,,
world best website design company,50,Low,15.88,69.89
front end web dev,5000,Low,12.18,47.52
website content development,50,Low,,
affordable website development,500,Low,22.21,92.9
full service web design,50,Low,,
web 3.0 development,50,Low,17.74,85.9
best ui ux companies in the world,50,Low,23.29,39.05
custom wordpress designer,50,Medium,,
ecommerce web design company,500,Low,46.8,137.59
biggest web design companies,50,Low,,
a web developer,50,Low,,
custom web design agency,500,Low,46.29,132.25
web development gold coast,50,Low,,
affordable custom websites,50,Medium,,
best web developer in the world,50,Low,13.01,56.56
create a web page in html,5000,Low,9.29,76.89
front end back end developer,500,Low,9.12,44.12
complete web development,50,Medium,21.94,65.38
ux digital agency,50,Unknown,,
japanese web design,50,Low,,
best graphic design studios,50,Low,,
best website design service,500,Medium,25.97,118.29
landing page development services,50,Low,31.02,76.05
online website development company,50,Medium,31.03,120.08
custom web design and development,50,Low,,
strategic design agency,50,Low,,
egfwd web development,50,Unknown,,
css website layout,500,Low,,
small web design companies,50,Medium,30.17,131.15
custom web design near me,50,Unknown,,
social media design company,50,Low,,
custom wordpress development services,500,Low,,
best brand identity agencies,50,Low,,
content design agency,50,Medium,,
web design companies for small businesses,50,Low,27.56,112.33
san francisco design agency,50,Medium,68.41,380.05
marketing design companies,50,Medium,,
indian web design company,5000,Low,29.38,95.3
shopify website development company,5000,Low,54.41,206.07
responsive web design with html5 and css,50,Low,,
best design firm websites,50,Low,,
online agencies,50,Low,14.2,28.12
best design studio websites,50,Low,,
food brand agency,50,Low,16.41,39.87
mobile responsive,5000,Low,10.91,23.69
python and web development,5000,Low,11.83,45.15
ui front end developer,500,Low,10.13,69.37
top ui ux companies,50,Low,5.67,116.98
wordpress ecommerce agency,50,Unknown,,
best web development websites,50,Medium,18.38,61.65
best ux designers in the world,50,Low,,
top wordpress development companies,500,Low,11.82,31.9
good web page design,5000,Low,9.29,80.23
web design company services,50,Low,27.8,70.32
top graphic design agencies,500,Low,8.58,31.12
london web development agency,50,Low,49.62,277.76
user interface design company,500,Low,52.3,148.39
rapid web development,50,Low,23.71,86.57
front end and back end,5000,Low,26.18,63.02
web development agency services,50,Unknown,,
biggest design agencies,50,Low,,
visual design agency,50,Low,,
top ux design firms,50,Low,18.35,164.74
best website development agency,500,Low,29.56,130.27
affordable web development,500,Low,22.21,92.9
web agency design,50,Medium,,
creative digital agency website,50,Low,,
website and graphic design company,50,Low,20.09,48.63
sustainable design agency,50,Unknown,,
full service design agency,50,Low,,
best developer websites,50,Low,9.5,65.87
custom ecommerce web design,50,Low,,
award winning branding agency,50,Medium,,
prototype design company,50,Low,,
web design agency for small business,50,Low,,
big graphic design companies,500,Low,8.58,31.12
top graphic design firms,500,Low,8.58,31.12
react for web development,500,Low,14.36,48.05
website design and social media marketing near me,50,Low,,
brand design firms,500,Low,11.53,67.11
html coding for website design,5000,Low,13.51,56.58
creative web development,500,Low,,
wordpress web design and development,50,Low,,
build responsive website,500,Low,13.01,48.01
top rated web design companies,500,Low,22.89,91.17
web design web development,5000,Low,21.81,81.62
themeforest website design,50,Low,7.89,48.14
top branding firms,50,Low,,
website store design,50,Low,26.49,39.28
web dev with python,5000,Low,11.83,45.15
creative website development company,50,Low,,
laravel web,500,Low,14.45,71.4
graphic companies,500,Low,15.11,65.68
digital product design company,50,Low,,
ecommerce software development,500,Low,25.11,109.79
b2b web design services,50,Unknown,,
visual identity agency,50,Medium,15.85,78.11
our services page design,500,Low,20.12,90.41
wordpress web company,50,Unknown,,
design and development company,50,Low,20.39,104.85
creative agency web design,50,Low,,
small business web development,50,Low,,
boutique web design agency,50,Unknown,,
build it website,50,Low,,
b2b website design company,50,Low,,
custom ecommerce web development,500,Low,,
marketing and design companies,50,Medium,,
startup web design agency,50,Low,,
best web development companies in the world,50,Medium,19.37,57.93
award winning design agency,50,Low,,
austin design agency,50,High,,
web dev css,500,Low,10.13,30.4
top graphic design companies in world,50,Low,,
catalog design company,500,Low,16.55,91.21
travel agency website developer,50,Medium,28.87,95.84
top creative agency websites,50,Low,,
top ui ux agencies,50,Low,5.67,116.98
multimedia agency,500,Low,19.45,86.14
web development with c#,500,Low,,
divi web design agency,50,Unknown,,
best design studios in the world,50,Low,,
best ui ux design agency,50,Low,26.79,108.09
service design company,50,Low,,
hvac web design company,50,Unknown,,
agency ux,500,Low,29.69,155.97
python for web,5000,Low,7.31,34.63
cms development services,500,Low,,
website design company website,5000,Low,28.74,113.75
local web development,50,Low,,
website design & development services,5000,Low,37.3,127.72
graphic design agency services,50,Low,,
real estate agent web design,50,Low,38.98,135.13
yellow branding & digital consultancy,50,Unknown,,
non profit website design company,50,Low,,
creative studio website,50,Low,,
best branding studios,50,Low,,
web development services content,50,Low,10.06,35.22
create react website,50,Low,,
web developers agency,500,Medium,34.9,188.26
corporate design agency,50,Low,,
famous design agencies,50,Low,,
custom website development company,500,Low,30.64,230.96
best website design and development company,50,Low,,
best ui ux agency,500,Low,29.11,80.06
interactive web development,50,Low,26.52,76.23
php website development company,500,Low,55.72,152.04
frontend and backend,5000,Low,26.18,63.02
it web development company,50,Low,,
ecommerce web design packages,50,Low,,
famous design companies,50,Low,,
graphic designer companies near me,500,Low,5.91,55.14
best responsive websites,500,Low,15.2,108.95
online design agency,50,Low,,
back end and front end developer,500,Low,8.27,45.61
web developer and software developer,500,Low,,
web and graphic design company,50,Low,20.09,48.63
restaurant design agency,50,Medium,,
custom website design packages,50,Medium,5.33,16.23
travel website development company,500,Low,30.18,112.81
web design & development company,500,Low,30.06,99.4
re branding agency,50,Unknown,,
php web development company,500,Low,55.72,152.04
media design company,50,Low,,
b2b portal development,50,Low,85.41,616.52
website to figma,500,Low,87.83,160.46
digital product design studio,50,Low,,
top ui ux designers in the world,50,Low,,
largest web design companies,500,Low,28.04,100.5
australian web development companies,500,Low,102.3,276.59
small design agency,50,Unknown,,
branding and design company,500,Low,11.53,67.11
b2c portal,50,Low,15.63,89.96
top 10 website design companies in the world,50,Low,,
software developer personal website,50,Low,,
construction website design company,50,Low,,
professional web design agency,50,Low,,
web development javascript,500,Low,13.41,42.34
seo webdesign,50,Low,,
mobile responsive design,5000,Low,10.91,23.69
digital design firms,50,Unknown,,
business website development company,50,Low,,
best product design agencies,50,Low,,
internet logo design,500,Low,,
web developer and web designer,500,Low,30.73,95.66
graphic design studio website,50,Low,,
flash website,500,Low,,
best motion design studios,50,Low,,
header website,5000,Low,,
sustainability report design agency,50,Low,40.96,465.17
hotel website design agency,50,High,,
user interface website,500,Low,11.27,70.1
best product design firms,50,Low,23.15,185.13
top web design agencies in the world,50,Low,15.88,69.89
top web development companies in world,50,Low,21.96,82.77
website development ads,500,Low,25.22,709.42
famous web developers,50,Low,,
web design company coalition,50,Unknown,,
award winning web design agency,50,Medium,,
build react website,50,Low,22.83,116.55
responsive web page,5000,Low,13.65,60.28
best ui ux designer in the world,50,Low,,
white label graphic design services,50,Low,,
brand identity design company,50,Medium,18.28,120.11
web design with figma,50,Low,,
restaurant website design agency,50,Low,,
outsource web development company,50,Low,32.32,207.55
best graphic design firms,50,Low,,
web development startup,500,Low,15.8,93.69
creative travel website design,50,Low,,
web development and design agency,50,Medium,38.21,59.75
travel agency web design,50,Low,,
web design and marketing services,50,Medium,,
best branding agency websites,50,Medium,,
top 10 web development companies,50,Low,13.96,82.27
wordpress design and development agency,50,Low,,
creative studio agency,50,Medium,14.27,36.36
website backend,500,Low,15.2,41.04
user interface developer,5000,Low,3.32,76.95
creative web development agency,50,Low,,
healthcare website design agency,50,Low,,
orizon ui ux design agency,50,Low,,
custom wordpress web design,50,Low,40.54,160.57
python web design,500,Low,4.33,39.69
professional web design services,50,Low,30.15,92.21
responsive website development,50,Low,30.06,107.14
production design companies,500,Low,25.11,185.26
chromatix web design,50,Unknown,,
web design and branding services,50,Unknown,,
web agency landing page,50,Low,,
website design and marketing services,50,Medium,,
best web dev portfolios,50,Low,,
creative website design company,50,Low,,
web development ads,500,Low,25.22,709.42
python ecommerce website,50,Low,,
brand management firm,50,Low,,
90s website design,50,Low,,
w3 web development,500,Low,18.86,46.94
best design company websites,500,Low,31.9,119.82
professional web development company,50,Low,,
back end dev,500,Low,10.87,43.73
real estate portal development,50,Low,,
front end website,500,Low,13.47,69.25
design agency website design,500,Low,21.11,77.7
american web design company,500,Medium,92.9,216.2
lighthouse web dev,50,Low,,
medical website design agency,50,Low,49.68,119.08
graphic sites,500,Low,18.03,100.5
graphic design company branding,50,Low,,
shopify store development services,50,Low,60.88,118.38
service page,500,Low,33.78,103.04
top design consulting firms,50,Low,,
graphql frontend,50,Low,,
best web design studios,50,Low,,
biggest graphic design companies,500,Low,8.58,31.12
ux agency services,50,Medium,,
python web development company,500,Low,,
jon duckett html and css,500,Low,1.23,38
top ecommerce development companies,50,Low,,
affordable custom website design,50,Low,,
front end and back end web development,5000,Low,12.07,42.3
front end web development company,50,Low,30.14,85.41
best ecommerce development companies,50,Low,34.78,125.03
front end developer and back end developer,500,Low,,
best design consulting firms,50,Low,,
top web development firms,5000,Low,29.7,112.3
catalog design agency,50,Low,5.35,20.98
html5 css3 javascript,50,Low,,
corporate identity agency,50,High,,
design consultant company,500,Low,33.6,144.86
web design html css javascript,50,Low,,
visual design company,50,Low,,
interface design agency,50,Medium,37.51,154.96
small web design agency,50,Low,,
o8 agency,50,Low,,
html responsive design,500,Low,,
environmental graphic design firms,50,Low,,
digital creative studio,500,Low,,
creative design firm,50,Unknown,,
interaction design agency,50,Medium,43.5,99.66
responsive page,5000,Low,13.65,60.28
corporate website design agency,50,Low,,
biggest web design agencies,50,Unknown,,
website designers company,500,Low,25.15,118.46
web programming with html5 css and javascript,50,Low,,
business website design agency,50,Unknown,,
frontend and backend development,500,Low,10.87,43.73
web creative agency,50,Low,,
b2b ecommerce development agency,50,Low,,
top coding websites,50,Low,,
developer portfolios,50,Low,,
realtor web design,500,Low,10.48,58.65
ad design agency,50,Low,20.09,67.02
web strategy,50,Low,,
build with website,50,Low,,
cosmetic packaging design companies,50,Low,,
full service web design agency,50,Low,,
top design firms in the world,50,Low,,
real estate website development company,50,Low,33.6,163.66
top web design companies in the world,50,Low,15.88,69.89
top packaging design agencies,50,Low,38.85,147.78
web design flyer,50,Low,,
website developers company,500,Low,21.67,76.75
custom ecommerce website design,50,Low,,
best website design for it company,500,Low,22.89,91.17
global branding agency,50,Low,41.01,130.15
designers company,500,Low,10.91,50.65
html and css design and build websites by jon duckett,500,Low,0.87,1.65
website design and development company near me,50,Low,59.15,203.79
creative digital design,50,Low,,
creative branding design,500,Low,,
user interface design agency,50,Low,,
clay ui ux design agency,50,Low,,
elementor web design agency,50,Unknown,,
laravel online,50,Low,,
multimedia website,500,Low,,
that web agency,50,Unknown,,
online creative agency,50,Low,,
custom wordpress development company,50,Low,,
social design agency,50,Low,,
affordable web design agency,500,Low,,
responsive web development,5000,Low,13.65,60.28
ux web design agency,50,Unknown,,
programmer personal website,50,Low,,
advanced web designing,500,Low,21.86,50.23
responsive web design service,500,Low,,
best illustration agencies,50,Low,,
best web development company websites,50,Medium,17.75,44.06
award winning web design company,50,Low,,
web services development,50,Low,,
custom ecommerce development company,50,Low,,
best ecommerce developers,50,Low,,
canadian web design companies,50,Medium,50.32,119.93
brand strategy design consultancy,50,Low,,
creativity agency,5000,Low,15.22,55.57
business web design company,50,Low,,
nopcommerce development,50,Low,,
top web design studios,50,Low,,
corporate website design company,50,Low,34.98,55.55
web based development,5000,Low,19.42,79.97
global design agency,50,Low,,
user interface design firm,50,Low,,
the web agency,50,Low,,
responsive website css,5000,Low,9.12,69.25
creative graphic design agency,50,Low,,
brand development firm,50,Medium,18.42,56.36
python web frontend,50,Low,,
business website packages,50,Low,,
best web design company websites,500,Low,31.9,119.82
cms website development services,50,Low,,
bitdegree web development,50,Low,,
website design in 500 rs,50,High,,
professional website development company,50,Low,29.63,109.02
internet design company,50,Low,,
web redesign agency,50,Unknown,,
medical web design agency,50,Low,49.68,119.08
site dev,500,Low,6.76,40.54
web development with golang,500,Low,9.29,41.38
graphic design co,5000,Low,11.36,41.74
web card design,500,Low,,
affordable web development services,500,Low,,
web design for hvac companies,50,Unknown,,
content for web development company,50,Unknown,,
website designing company in greater noida,500,Low,43.74,122.9
web development services agency,50,Low,,
top design studios in the world,50,Low,,
best branding firms,50,Medium,20.11,44.23
best indian web development companies,500,Low,29.39,75.41
website design development agency,500,Medium,27.87,99.16
blockchain in web development,50,Low,13.12,60.69
clay branding agency,50,Low,40.66,110.69
jamstack website,50,Low,,
web development front end and back end,50,Low,,
user interface agency,50,Low,,
web page design company,5000,Low,28.74,113.75
big design companies,50,Low,,
graphic agency website,50,Medium,,
brand marketing firm,500,Low,18.3,72.57
best website design 2021,50,Low,,
visual branding agency,50,Low,,
best websites for web developers,50,Medium,,
best custom web design company,50,Unknown,,
wayfinding design firms,50,Low,,
atom packages for web development,50,Low,,
best web design companies for small businesses,50,Low,,
hotel web design agency,50,High,,
html css jon duckett,500,Low,1.23,38
business website company,50,Low,,
best web development company near me,50,Low,22,105.32
jon duckett javascript,50,Low,,
best design firms in the world,50,Low,,
london web agencies,50,High,,
website development company website,500,Medium,25.6,135.32
best website design 2020,50,Unknown,,
visual communication agency,50,Low,,
html css javascript php,50,Low,,
designer developer,500,Low,,
business design agency,50,Low,,
worst website design,500,Low,,
near web development company,500,Low,23.6,72.39
best design companies in the world,50,Low,,
web design services pricing,50,Low,7.33,80.42
css for javascript developers,500,Low,,
content page design,5000,Low,,
ux design services company,50,Low,,
web backend,500,Low,15.2,41.04
healthcare web design company,50,Unknown,,
biggest design companies,50,Low,,
website development ad,500,Low,25.22,709.42
brand design identity,50,Low,,
zauca website,50,Low,23.71,61.34
online web design services,50,Low,,
reactive web design,5000,Low,13.65,60.28
web development html css javascript,50,Low,15.79,124.99
b2b web design company,50,Low,,
laravel websites,500,Low,14.45,71.4
web agency site,50,Medium,17.33,61.13
top ecommerce developers,50,Low,,
maker site,500,Low,,
professional website design agency,50,Low,,
boca web agency,50,Low,,
top 10 graphic design companies,50,Low,,
corporate web design company,50,Low,34.98,55.55
company profile creative agency,50,Low,,
meanit web design agency,50,Unknown,,
bespoke web design agency,50,Low,,
web development details,50,Low,6.42,33.63
shopify ecommerce development services,50,Low,44.97,72.27
construction web design agency,50,Low,,
medical web design company,50,Low,,
online development,50,Low,,
top graphic design studios,50,Low,,
web design and web development services,5000,Low,37.3,127.72
website rebranding agency,50,Unknown,,
custom ecommerce development services,50,Low,,
best websites for front end developer,50,Low,,
responsive web design company,500,Low,,
agency graphic designer,50,Low,,
back end and front end,5000,Low,26.18,63.02
web consulting company,50,Low,,
online web agency,50,Low,,
website design service company,50,Low,27.8,70.32
company web page design,5000,Low,28.74,113.75
ecommerce website design and development company,500,Low,29.61,93.83
best ecommerce web design companies,50,Low,,
passionate design agency,50,Low,,
web design branding company,50,Medium,,
leading web design agency,50,Low,,
creative web design company,50,Low,,
web development consulting firms,50,Low,,
best ui websites 2021,50,Unknown,,
web development logo,5000,Low,,
design studio company,50,Low,,
web design it company,500,Low,15.99,88.44
biggest web development company in the world,50,Low,,
dev site,500,Low,16.05,99.81
retail design consultancy,50,Unknown,,
3d brand agency,50,Unknown,,
3d graphic design company,50,Low,,
a web design company,50,Low,,
advertising agency brochure,500,Low,,
advertising agency design,50,Low,,
advertising design agency,50,Low,20.09,67.02
affordable custom web design,50,Unknown,,
affordable web design packages,500,Low,30.06,90.34
affordable web development company,500,Low,39.08,112.02
affordable website development company,500,Low,39.08,112.02
agency designer,50,Unknown,,
agency website ui design,50,Low,,
agensip,50,Low,,
angular in web development,50,Low,9.65,43.92
angular web development company,500,Low,,
angularjs web development services,50,Low,,
aspiring web developer,50,Low,,
australian web experts,50,Unknown,,
automotive web design agency,50,Unknown,,
automotive web design companies,50,Unknown,,
award winning web development company,50,Unknown,,
back end of website,50,Low,,
best companies for designers,50,Low,,
best company for graphic designer,50,Low,23.86,120.31
best creative studio,50,Low,,
best custom web design,50,Unknown,,
best ecommerce web development company,50,Low,,
best ecommerce web development services,50,Low,,
best ecommerce website design company,50,Low,,
best front end website,500,Low,6.77,38.85
best indian web design company,500,Medium,31.18,95.56
best web design and development company,50,Low,,
best web development agencies in the world,50,Unknown,,
best web development agency websites,50,High,,
best web development firms,500,Low,29.56,130.27
best web development services company,50,Low,,
best wordpress development company,50,Low,,
better brand agency,50,Low,,
biggest design firms,50,Low,,
black owned web design companies,50,Unknown,,
blockchain design agency,50,Low,,
branding in design,5000,Low,1.69,46.01
branding in web design,500,Low,15.35,72.51
branding web design agency,50,Unknown,,
brochure design for travel agency,500,Low,22.27,47.29
charlotte web design services,50,Unknown,,
cheap custom web design,50,Unknown,,
cheap web development company,500,Low,39.08,112.02
cheapest web designing agency,50,Unknown,,
cheapest web designing agency vvcares,0,Unknown,,
choosing a web design company,50,Low,,
clay design agency,50,Low,33.78,80.23
cms web design company,50,Low,,
cms web design services,50,Unknown,,
cms web development company,50,Low,,
cms website design company,50,Low,,
cms website development company,50,Low,,
codeigniter development company,500,Low,,
company illustration,50,Low,,
complete the web,500,Low,,
construction web design company,50,Low,,
content in web design,500,Low,12.72,89.46
corporate design company,50,Unknown,,
corporate identity design company,50,Low,,
corporate web design services,50,Low,69.59,154.2
corporate website development company,50,Low,,
creative brand design agency,50,Low,,
creative content page design,500,Low,,
creative graphic design company,50,Low,,
creative online agency,50,Low,,
creative travel poster design,500,Low,,
creative web design services,50,Low,,
creative web development company,50,Low,,
creativity in graphic design,5000,Low,10.98,60.35
css dev,50,Low,,
css front end,50,Low,,
custom ecommerce design,50,Low,,
custom ecommerce web design service,50,Unknown,,
custom ecommerce web design services,50,Low,,
custom ecommerce website development company,50,Low,,
custom ecommerce website development services,50,Low,,
custom php web development,50,Low,,
custom php web development company,50,Low,,
custom web design firm,500,Low,46.29,132.25
custom web design gold coast,50,Unknown,,
custom web design packages,50,Low,,
custom website design near me,50,Low,,
custom wordpress design service,50,Low,,
custom wordpress web design company,50,Unknown,,
custom wordpress web development services,50,Low,,
design and advertising agency,50,Low,,
design in advertising,50,Low,,
design in content marketing,0,Unknown,,
design in marketing,500,Low,7.6,114.05
designed for agents,5000,Low,14.04,61.52
designrush com,50,Low,44.24,250.47
digital creative designer,50,Low,,
digital web development agency,50,Low,,
dstudio agency,50,Low,,
duckett html,50,Low,,
dynamic sitemap,50,Low,,
ecommerce custom development,500,Low,38.17,132.76
ecommerce portal development,50,Low,67.81,108.95
ecommerce web design & development,500,Low,,
ecommerce web design and development,500,Low,,
ecommerce web development firm,500,Low,29.61,93.83
ecommerce website design & development,500,Low,,
ecommerce website design & development company,50,Low,,
ecommerce website design & development services,50,Low,,
ecommerce website design and development services,50,Low,,
ecommerce website design development,500,Low,,
estate agency web designers,50,Unknown,,
estate agent web designers,0,Unknown,,
expert web design company,50,Low,,
famous design firms,50,Low,,
flyer design for travel agency,500,Low,,
front and back end,5000,Low,26.18,63.02
front back end,5000,Low,26.18,63.02
front dev,50,Low,,
front end and backend,5000,Low,26.18,63.02
front end html,500,Low,30.09,100.58
front end in web development,50,Low,,
front end site,50,Low,,
front end ui,500,Low,11.08,71.79
front end web development services,500,Low,26.47,120.29
front web,50,Low,,
gemius design studio,50,Low,,
good web,500,Low,7.4,55.74
goprotoz best ui ux design studio & design agency,500,Low,,
graphic and website design services,50,Unknown,,
graphic design agency west,0,Unknown,,
graphic design in marketing,500,Low,12.74,66.77
graphic design services company,50,Low,69.25,190.87
groovy web llp,50,Low,,
healthcare website development company,50,Low,,
hire design agency,50,Medium,,
hotel web agency,50,Unknown,,
hotel web design company,50,Low,60.18,135.56
hotel website development company,50,Low,,
html in web development,500,Low,13.51,50.08
hvac web design services,50,Unknown,,
identity design agency,50,Low,,
identity in design,50,Low,,
illustration in advertising,500,Low,,
inexpensive web design services,50,Low,,
internet and web design,500,Low,,
jon duckett html,50,Low,,
koto design agency,50,Low,,
la web agency,50,Unknown,,
landing page for web development company,50,Unknown,,
laravel web design agency,50,Unknown,,
laravel web development services,500,Low,,
leading web design companies,50,Low,,
leon design agency,50,Unknown,,
linux for web development,50,Low,,
local business web design,50,Low,,
low cost web design company,500,Low,27.55,91.93
marin web design,50,Low,,
marketing and branding firm,500,Low,18.3,72.57
marketing in design,500,Low,7.6,114.05
marketing web design services,50,Medium,,
media marketing design,50,Low,,
melon branding agency,50,Unknown,,
mixd agency,50,Low,,
mobile web design agency,50,Unknown,,
mobile web design company,50,Low,,
mobile website design company,50,Low,,
most creative websites in the world,50,Low,,
musemind digital agency,50,Low,,
new design company,50,Low,,
new web agency,50,Unknown,,
obys agency,500,Low,,
orange in branding,50,Low,,
page design in web design,50,Low,,
page header design,5000,Low,32.35,168.91
professional custom web design,50,Unknown,,
professional web design development company,50,Unknown,,
professional web design firm,50,Low,29.63,109.02
professional web development agency,50,Medium,,
python web development services,50,Low,,
qream design agency,50,Low,,
react in web development,50,Low,,
react web development services,50,Low,,
redesign agency,50,Low,,
responsive design agency,50,Unknown,,
responsive design company,500,Low,,
responsive web design agency,500,Low,,
responsive web design service provider,50,Unknown,,
responsive web development company,500,Low,,
responsive website design agency,500,Low,,
responsive website design companies,500,Low,,
responsive website design services,500,Low,,
responsive website development company,500,Low,,
responsive website development services,500,Low,,
restaurant web design companies,50,Low,,
retail website design company,50,Unknown,,
roofing website design agency,50,Low,,
san francisco design firm,50,Unknown,,
shopify ecommerce development agency,50,Unknown,,
shopify ecommerce development company,500,Low,,
small business web design and development,50,Low,,
small business web development agency,50,Unknown,,
small website design company,50,Medium,30.17,131.15
symbiote web development,50,Unknown,,
the web development company,50,Low,,
top 10 web design companies in the world,50,Low,,
top design companies in the world,50,Low,,
top ecommerce website development company,50,Low,,
top rated website design companies,500,Low,22.89,91.17
top ui design companies,50,Low,,
top ux designers in the world,50,Low,,
top web design and development companies,50,Low,,
top web development services,50,Low,,
travel agency poster design,500,Low,,
unity in web design,50,Low,,
use of php in web development,500,Low,,
ux in marketing,50,Low,,
ux in website design,50,Low,24.61,92.5
visual identity design agency,50,Low,,
wapiyeah agence motion design,0,Unknown,,
web consulting agency,50,Medium,,
web design agency western sydney,0,Unknown,,
web design and web development company,500,Low,30.06,99.4
web design in,50,Low,38.79,72.42
web design service provider,50,Medium,20.88,70.34
web design web development company,500,Low,30.06,99.4
web designing and publishing,500,Low,9.02,54.03
web developer logo,500,Low,0.57,3.36
web development and designing company,500,Low,30.06,99.4
web development banner,500,Low,,
web development includes,500,Low,,
web development top companies,50,Low,13.62,51.23
web ecommerce development,5000,Low,32.53,104.98
web inspector online,50,Low,,
web redesign company,50,Low,28.1,308.26
web site logo,50000,Low,0.84,12.7
website development alexa consultancy,0,Unknown,,
website development company in greater noida,500,Low,53.46,129.22
website goal,50,Low,,
website made with,500,Low,,
wordpress cms development services,50,Low,,
wordpress custom page,50,Low,,
wordpress design and development services,50,Low,,
wordpress design services agency,50,Unknown,,
wordpress frontend,50,Low,,
wordpress register page,50,Low,,
world best graphic design company,50,Low,10.94,36.1
wp web agency,50,Medium,35.92,165.59
you have developed an e commerce website,50,Unknown,,
